Officer,Alternate Name,Officer Ability,Ability1,Ability2,Ability3,Ability4,Ability5,Captain Maneuver,CM Value,Officer Group,Officer Type,Full Synergy,Half Synergy,Cause Burning,Use Burning,Cause Breach,Use Breach,Cause Morale,Use Morale,Cause Assimilate,Use Assimilate,Attack Bridge,Attack All,Defence Bridge,Defence All,Health Bridge,Health All,CM Attack Bridge,CM Attack All,CM Defence Bridge,CM Defence All,CM Health Bridge,CM Health All,Below Decks Officer,Below Deck Ability,BDA1,BDA2,BDA3,BDA4,BDA5,BDO Attack Bridge,BDO Attack All,BDO Defence Bridge,BDO Defence All,BDO Health Bridge,BDO Health All
718,Officer 0718,Increase Defence of all Officers on the ship,5%,7%,9%,12%,15%,Increase Critical Hit chance when defending the station,4%,Auxiliary Controls,Science,4%,2%,,,,,,,,,,,,0%,,,,,,,,,,,,,,,,,,,,,
Ahvix,Ahvix,Decrease Eclipse hostile's mitigation by 40%,25%,30%,35%,40%,50%,Increase Critical hit chance for the first 3 rounds against Eclipse.,20%,Mudd's Crew,Engineering,10%,5%,,,,,,,,,,,,,,,,,,,,,,,,,,,,,,,,,
Airiam,Airiam,Chance to Inflict Burning when defending a node.,60%,70%,80%,90%,95%,Increase Mining Speed (Isogen),40%,Discovery Crew,Command,20%,10%,Y,,,,,,,,,,,,,,,,,,,,,,,,,,,,,,,,
Arix,Arix,Increase Armor when ship has less than 70% Hull Health,15%,20%,30%,40%,50%,Chance to cause Burning to opponent after hitting it with energy weapon,10%,Nero's Crew,Science,5%,2%,Y,,,,,,,,,,,,,,,,,,,,,,,,,,,,,,,,
Arkady,Arkady Ivanov,Increase Shield Health,10%,12%,14%,16%,20%,Chance to inspire Morale for 3 rounds when Shield is depleted,50%,Enterprise Crew,Command,20%,10%,,,,,Y,,,,,,,,,,,,,,,,,,,,,,,,,,,,
Arrock,Arrock,Increase Mining Speed,25%,30%,40%,45%,50%,Increase Mining speed (Concentrated Latinum),6500%,Ferengi Conglomerate,Science,3000%,1200%,,,,,,,,,,,,,,,,,,,,,,,,,,,,,,,,,
Azetbur,Azetbur,Increase Armor Piercing every time the ship hits,10%,15%,20%,30%,40%,Chance to cause Hull Breach for 2 rounds after hitting with kinetic weapon,20%,Klingon Patriots,Science,15%,5%,,,Y,,,,,,,,,,,,,,,,,,,,,,,,,,,,,,
B'Elanna Torres,B'Elanna Torres,"When taking damage from non-player or Armada, increases Armor Piercing, Shield Piercing and Accuracy by % of Attack for 1 round",250%,400%,600%,900%,1500%,Unfit To Lead,0%,Voyager,Engineering,0%,0%,,,Y,,,,,,,,,,,,,,,,,,Y,Chance to apply Hull Breach to non-player or Armada for 1 round,10%,15%,30%,60%,100%,,,,,,
B'Etor,B'Etor,"When on the Amalgam, B'Etor boosts the Amalgam's bonus loot ship ability",10%,14%,22%,34%,50%,"When on a ship that can use cloaking, B'Etor increases the duration the ship can stay cloaked",20%,Pride Of Romulus,Science,10%,5%,,,,,,,,,,,,,,,,,,,,,,,,,,,,,,,,,
Ba'el,Ba'el,Increase Armor by Crew Attack,200%,500%,800%,1100%,1400%,Increase Weapon Damage,25%,Khitomer's Revenge,Engineering,5%,3%,,,,,,,,,,,,,,,,,,,,,,,,,,,,,,,,,
Badgey,Badgey,"Decreases Armor, Shield and Dodge of all non-Armada targets",5%,12%,15%,18%,20%,Unfit To Lead,0%,Lower Decks Crew,Science,0%,0%,,,,,,,,,,,,,,,,,,,,,Y,"Increases Armor Penetration, Shield Penetration and Accuracy",12.50%,20%,27.50%,42.50%,60%,,,,,,
Barot,Barot,Decrease opponet's Hull Health at start of battle if mining,10%,15%,20%,25%,30%,Increase Mining Speed (Crystal),40%,Surveyors & Miners,Science,30%,20%,,,,,,,,,,,,,,,,,,,,,,,,,,,,,,,,,
Beckett Mariner,Beckett Mariner,Increases Attack of all Officers on the ship,5%,10%,15%,25%,30%,Unfit To Lead,0%,Lower Decks Crew,Command,0%,0%,,,,,,,,,,0%,,,,,,,,,,,Y,Increase ship's Weapon Damage,70%,95%,115%,140%,180%,,,,,,
Benjamin Sisko,Benjamin Sisko,Increases Critical Hit Chance against Armadas (Cumulative),3%,4%,6%,8%,12%,"Increases Armour, Shield Deflection and Doddge by % of crews Health against armadas.",400%,Deep Space Nine,Command,500%,100%,,,,,,,,,,,,,,,,,,,,,,,,,,,,,,,,,
Beverly Crusher,Beverly Crusher,"When fighting Hostiles and Armadas, increase mitigation by % of crew's Defence.",150%,200%,250%,300%,350%,"When fighting Hostiles and Armadas, restore Shield by % of crew's Health",200%,TNG Crew,Science,100%,50%,,,,,,,,,,,,,,,,,,,,,,,,,,,,,,,,,
Bones,Leonard McCoy,Increase Defence of all Officers on the bridge when hit,10%,15%,20%,25%,30%,Increase Officer abilities during combat,20%,Enterprise Crew,Science,15%,7%,,,,,,,,,,,,,,,,,,,,,,,,,,,,,,,,,
Borg Queen,Borg Queen,"While fighting a Borg Solo Armada, upon receiving Hull Damage, from an enemy shot, increase Critical Hit Chance",2%,3%,4%,5%,7%,Not Perceived as a Threat,0%,Unimatrix Twelve,Command,0%,0%,,,,,,,,Y,,,,,,,,,,,,,Y,"While fighting a player ship with Assimilate, increase ship's Armor Piercing, Shield Piercing and Accuracy. Cumulative.",150%,200%,300%,400%,500%,,,,,,
Brad Boimler,Brad Boimler,"Increase Armor Piercing, Shield Piercing and Accuracy",30%,35%,40%,45%,50%,Unfit To Lead,0%,Lower Decks Crew,Command,0%,0%,,,,,,,,,,,,,,,,,,,,,Y,"Increase Armor, Shield Deflection, and Dodge",50%,67.50%,85%,108%,130%,,,,,,
Cadet Kirk,Cadet James T.Kirk,Increase Weapon Damage,5%,8%,12%,15%,20%,Increase all Officer stats on Bridge,8%,Another Time,Command,6%,3%,,,,,,,,,,,,,,,Y,,Y,,Y,,,,,,,,,,,,,,
Cadet McCoy,Cadet Leonard McCoy,Increase Captains Maneuver,4%,6%,8%,10%,12%,Increase Health of all Officers on the ship,10%,Another Time,Science,10%,5%,,,,,,,,,,,,,,,,,,,,Y,,,,,,,,,,,,,
Cadet Scotty,Cadet Montgomery Scott,Increase Warp Distance,1,2,3,4,5,Increase Hull Health,10%,Another Time,Engineering,5%,2%,,,,,,,,,,,,,,,,,,,,,,,,,,,,,,,,,
Cadet Sulu,Cadet Hikaru Sulu,Increase Attack of all Officers on the ship (** Broken Bridge ONLY **),5%,8%,10%,12%,15%,Increase Damage for first round,5%,Another Time,Command,10%,5%,,,,,,,,,0%,,,,,,,,,,,,,,,,,,,,,,,,
Cadet Uhura,Cadet Uhura,Increase Shield Health,5%,7%,9%,11%,14%,Decrease opponents Weapon Damage,10%,Another Time,Engineering,5%,2%,,,,,,,,,,,,,,,,,,,,,,,,,,,,,,,,,
Captain Tilly,Captain Tilly,Increase Mitigation by Health when opponent has Hull Breach,50%,60%,70%,80%,100%,"Increase Mitigation by Health, when on attacking on a capture node and opponent has Hull Breach",50%,Terran Empire,Engineering,25%,15%,,,,Y,,,,,,,,,,,,,,,,,,,,,,,,,,,,,
Carol,Carol Marcus,Increase Weapon Damage,20%,25%,30%,35%,40%,Decrease opponents Damage when defending in battle,40%,Auxiliary Controls,Science,10%,5%,,,,,,,,,,,,,,,,,,,,,,,,,,,,,,,,,
Cath,Cath,Decrease Kinetic Damage dealt by Hostiles,12%,15%,18%,21%,25%,Increase Repair Cost Efficient of ship,40%,Ferengi Conglomerate,Command,10%,5%,,,,,,,,,,,,,,,,,,,,,,,,,,,,,,,,,
Chang,Chang,Chance to delay opponent's weapon fire for 1 round with a Critical Hit on Hull Breach,30%,35%,40%,45%,50%,Increase Damage if opponent Hull Health under 60%,10%,Klingon Patriots,Command,20%,10%,,,,Y,,,,,,,,,,,,,,,,,,,,,,,,,,,,,
Changeling Kira,Changeling Kira,"Decreases Armor, Shield Deflection and Dodge of Armadas",10%,13%,18%,25%,35%,Decreases hit chance of Cardassian Armadas (Cumulative),2%,Deep Space Nine,Science,2%,1%,,,,,,,,,,,,,,,,,,,,,,,,,,,,,,,,,
Charvanek,Liviana Charvanek,Increase Armour Piercing by Health,100%,200%,400%,800%,1600%,Chance to cause Burning for 3 rounds when Hull Health is lower than 80%,80%,Romulan Patriots,Command,10%,5%,Y,,,,,,,,,,,,,,,,,,,,,,,,,,,,,,,,
Chen,Grace Chen,Decrease Energy damage dealt by Hostiles,10%,15%,20%,25%,30%,Increase Mitigations against Hostiles,20%,Starfleet Academy,Science,15%,10%,,,,,,,,,,,,,,,,,,,,,,,,,,,,,,,,,
Culber,Hugh Culber,Increase to Jumping and Summoning Cost Efficiency,5%,10%,15%,20%,25%,Health to Armour when defending on a Capture Node,50%,Discovery Crew,Science,50%,25%,,,,,,,,,,,,,,,,,,,,,,,,,,,,,,,,,
D'Jaoki,D'Jaoki,Increases Mitigation by % of Officer Health whilst opponent is burning (Tooltip incorrect),20%,40%,100%,250%,500%,Increase Officers Health for 1 minute after winning a battle,10%,Romulan Patriots,Command,5%,2%,,Y,,,,,,,,,,,,,,,,,,,,,,,,,,,,,,,
D'Vana Tendi,D'Vana Tendi,Increases Health of all Officers on the ship,5%,10%,15%,25%,30%,Unfit To Lead,0%,Lower Decks Crew,Science,0%,0%,,,,,,,,,,,,,,0%,,,,,,,Y,Increase ship's Hull Health,75%,100%,135%,170%,215%,,,,,,
Damar,Damar,"Whilst on Interceptor and fighting a player with Hull Breach, when scoring a critical, decreases opponent's Critical Hit Damage 3 rounds",25%,29%,35%,42%,50%,"When on an Interceptor and fighting a player with Hull Breach, when scoring a critical, increases Critical Hit Chance",2%,Interceptor Strike Team,Engineering,3%,2%,,,,Y,,,,,,,,,,,,,,,,,,,,,,,,,,,,,
Darwin,Mae Darwin,Increase Ship XP earned on Interceptors,20%,30%,40%,50%,60%,Increase Weapon Damage when attacked by a player,10%,Shakedown Cruise,Engineering,5%,2%,,,,,,,,,,,,,,,,,,,,,,,,,,,,,,,,,
Data,Data,"When fighting Non-Player targets, including Mission Hostiles, Increase Penetration.",60%,120%,180%,240%,300%,Increase Critical Hit Chance against Hostiles and Armadas,17%,TNG Crew,Science,4%,3%,,,,,,,,,,,,,,,,,,,,,,,,,,,,,,,,,
Deanna Troi,Deanna Troi,Increases Weapon Damage against Romulan Hostiles and Armadas,100%,150%,200%,250%,300%,Reduces the Crit Chance of Armada Targets,15%,TNG Crew,Science,5%,2%,,,,,,,,,,,,,,,,,,,,,,,,,,,,,,,,,
Decius,Decius,Increase Damage each time the ship gets hit,6%,7%,8%,9%,10%,"Increase Accuracy, Armor Piercing and Shield Piercing against stronger ships.",10%,Romulan Patriots,Science,30%,20%,,,,,,,,,,,,,,,,,,,,,,,,,,,,,,,,,
Dezoc,Dezoc,"While fighting a Borg Solo Armada, increase all officer stats for the duration of combat",10%,14%,20%,30%,50%,Not Perceived as a Threat,0%,Unimatrix Twelve,Science,0%,0%,,,,,,,Y,,,,,,,,,,,,,,Y,"At the start of each round, if opponents hull is below 95%, chance to apply Assimilate for 4 rounds",40%,45%,50%,60%,70%,,,,,,
Dixon Hill,Dixon Hill,"While Defending a mining node, reduces Shield Mitigation every round (Cumulative)",5%,7%,10%,15%,20%,On a Case,0%,Holodeck,Science,0%,0%,,,,,,,,,,,,,,,,,,,,,Y,Increases Mining Speed,30%,45%,60%,85%,120%,,,,,,
Domitia,Domitia,Increase Warp Speed when Cargo is full,25%,50%,75%,100%,130%,Increase Dilithium mining rate,40%,Surveyors & Miners,Science,30%,20%,,,,,,,,,,,,,,,,,,,,,,,,,,,,,,,,,
Dupont,Raphaël Dupont,Increase Protected Cargo,50%,100%,150%,200%,300%,"Increase G3 Crystal, Gas and Mining Speed",35%,Surveyors & Miners,Engineering,20%,10%,,,,,,,,,,,,,,,,,,,,,,,,,,,,,,,,,
Eight Of Eleven,Eight Of Eleven,Increase Attack of all Officers on the ship,45%,55%,65%,75%,85%,Increase Critical Hit chance against Borg,10%,Unimatrix Twelve,Engineering,20%,5%,,,,,,,,,,0%,,,,,,,,,,,,,,,,,,,,,,,
Eleven Of Eleven,Eleven Of Eleven,Increase Warp Speed,30%,35%,40%,45%,50%,Increase Mining Speed (Crystal),60%,Unimatrix Twelve,Science,45%,30%,,,,,,,,,,,,,,,,,,,,,,,,,,,,,,,,,
Emperor Georgiou,Emperor Georgiou,"When attacking a player on a capture node, Increase number of shots at start of each round.",0.17,0.25,0.34,0.4,0.5,When attacking a player during takeover. Decrease opponent's Officer Defence,100%,Terran Empire,Command,25%,15%,,,,,,,,,,,,,,,,,,,,,,,,,,,,,,,,,
Eurydice,Eurydice,Chance to heal 5% shields when they are depleted,35%,45%,55%,65%,75%,Increase Damage when taking SHP damage,10%,Mudd's Crew,Engineering,5%,2%,,,,,,,,,,,,,,,,,,,,,,,,,,,,,,,,,
Fess,Fess,Reduce Protected Cargo,30%,25%,20%,15%,10%,Increase base mining speed,55%,Ferengi Conglomerate,Engineering,35%,20%,,,,,,,,,,,,,,,,,,,,,,,,,,,,,,,,,
Five Of Eleven,Five Of Eleven,Increase Resources dropped,20%,40%,60%,80%,100%,Increase Mitigation by Officer Health,200%,Unimatrix Twelve,Engineering,400%,200%,,,,,,,,,,,,,,,,,,,,,,,,,,,,,,,,,
Four Of Eleven,Four Of Eleven,Increase Cargo Size,40%,45%,50%,55%,60%,Increase Ore mining speed,60%,Unimatrix Twelve,Engineering,45%,30%,,,,,,,,,,,,,,,,,,,,,,,,,,,,,,,,,
Gaila,Gaila,Decrease Critical Damage from Hostiles,10%,20%,30%,40%,50%,Increase Parsteel rewards from Hostiles,25%,Starfleet Academy,Engineering,10%,5%,,,,,,,,,,,,,,,,,,,,,,,,,,,,,,,,,
Garak,Garak,"When on an Interceptor and fighting a player with Hull Breach. Each round, Increases Critical Hit Chance",30%,35%,42%,50%,60%,"When on an Interceptor and fighting a player with Hull Breach. Each round, reduces opponent's Kritical Weapon Damage.",5%,Interceptor Strike Team,Science,10%,5%,,,,Y,,,,,,,,,,,,,,,,,,,,,,,,,,,,,
Geordi La Forge,Geordi La Forge,Increase Weapon Damage against Klingon Hostiles and Armadas,100%,150%,200%,250%,300%,Increase Rewards from Armadas,50%,TNG Crew,Engineering,15%,10%,,,,,,,,,,,,,,,,,,,,,,,,,,,,,,,,,
Georgiou,Georgiou,Chance to deal Burning for two rounds at the start of each round,50%,60%,70%,75%,80%,Decrease opponents officers attack when opponent is burning,100%,Discovery Crew,Command,25%,15%,Y,Y,,,,,,,,,,,,,,,,,,,,,,,,,,,,,,,
Ghalenar,Ghalenar,"Increases Faction Reptation gained from Fed, Kling and Rom hostiles",5%,7%,9%,15%,20%,Not Perceived as a Threat,0%,Unimatrix Twelve,Science,0%,0%,,,,,,,,,,,,,,,,,,,,,Y,Increases the amount of resources dropped from Actian Apex and Borg hostiles by a percentage of base.,10,15,20,30,50,,,,,,
Ghrush,Grush,Increase Warp Range,6%,8%,10%,12%,15%,Increase Protected Cargo,100%,Syndicate,Command,25%,15%,,,,,,,,,,,,,,,,,,,,,,,,,,,,,,,,,
Gonzales,Lucia Gonzales,Increase Critical Hit Damage against Hostiles,5%,10%,15%,20%,30%,Increase Critical Hit Chance against Hostiles,8%,Starfleet Academy,Command,2%,1%,,,,,,,,,,,,,,,,,,,,,,,,,,,,,,,,,
Goon,Goon,Increase Ship XP gained while fighting,15%,20%,25%,35%,50%,Inctease Critical Hit Chance against Hostiles for first round,20%,Mudd's Crew,Science,20%,15%,,,,,,,,,,,,,,,,,,,,,,,,,,,,,,,,,
Gorkon,Gorkon,Chance to cause Hull Breach for 3 rounds when hitting with Critical Hit,70%,75%,80%,85%,90%,Increase Critical Hit Chances for first 2 rounds,10%,Klingon Patriots,Command,10%,5%,,,Y,,,,,,,,,,,,,,,,,,,,,,,,,,,,,,
Gossa,Gossa,"When fighting against a Borg Solo Armada, at the start of each round, reduce target's Damage for 1 round",5%,7%,10%,15%,25%,Not Perceived as a Threat,0%,Unimatrix Twelve,Engineering,0%,0%,,,,,,,,Y,,,,,,,,,,,,,Y,"When fighting a player ship with Assimilate, increase the ship's Armour, Shield Deflection and Dodge (Cumulative)",125%,150%,175%,225%,300%,,,,,,
Gowron,Gowron,Increase ship's Shield Deflection by Health of crew,200%,500%,800%,1100%,1400%,Increase Energy Weapon Damage,50%,Khitomer's Revenge,Science,10%,5%,,,,,,,,,,,,,,,,,,,,,,,,,,,,,,,,,
Gul Dukat,Gul Dukat,"When shot while on an Interceptor, fighting a player with Hull Breach, increase number of shots per weapon for 5 rounds",25%,29%,35%,42%,50%,"While on an Interceptor fighting a player, at the start of a round, chance to apply Hull Breach for 3 rounds.",20%,Interceptor Strike Team,Command,40%,20%,,,Y,Y,,,,,,,,,,,,,,,,,,,,,,,,,,,,,
Hadley,Geoffrey Hadley,Increase Exoerience gained on Survey Ships,20%,30%,40%,50%,60%,Increase Warp Speed of ship,15%,Shakedown Cruise,Engineering,15%,10%,,,,,,,,,,,,,,,,,,,,,,,,,,,,,,,,,
Harrison,John Harrison,Ignore % of opponents shield for the first round of combat,60%,70%,80%,90%,100%,Increase Damage against Explorers,20%,Section 31,Science,20%,10%,,,,,,,,,,,,,,,,,,,,,,,,,,,,,,,,,
Harry Kim,Harry Kim,Increases all positive Reputation gains,7%,10%,15%,20%,30%,Unfit To Lead,0%,Voyager,Science,0%,0%,,,,,Y,,,,,,,,,,,,,,,,Y,Chance to apply Morale to non-player or Armada for 1 round,10%,15%,30%,60%,100%,,,,,,
Harry Mudd,Harcourt Fenton Mudd,Chance of Double Shots in the first round,20%,30%,40%,50%,60%,Chance to have 98% Shield Mitigation for the first two combat rounds,40%,Mudd's Crew,Science,20%,10%,,,,,,,,,,,,,,,,,,,,,,,,,,,,,,,,,
Helvia,Helvia,Increase Warp Speed when Cargo is empty,25%,50%,75%,100%,125%,Increase Parsteel mining,40%,Surveyors & Miners,Command,30%,20%,,,,,,,,,,,,,,,,,,,,,,,,,,,,,,,,,
Hendorff,Hendorff,Increase Ship XP on Explorers,20%,30%,40%,50%,60%,Increase mitigation when Hull Health is below 60% of Health at start of battle,20%,Shakedown Cruise,Engineering,20%,10%,,,,,,,,,,,,,,,,,,,,,,,,,,,,,,,,,
Honorguard Worf,Honorguard Worf,"For the first 8 rounds of combat against other players, increases the Critical Hit Chance of the ship",45%,50%,60%,75%,100%,"When fighting other players, increases Armor Piercing by % of Crew Attack whenever ship scores a critical hit",30%,Khitomer's Revenge,Command,10%,5%,,,,,,,,,,,,,,,,,,,,,,,,,,,,,,,,,
Hugh,Hugh,Increases Impulse Speed of ship,5%,7%,9%,12%,15%,Unfit To Lead,0%,Unimatrix Twelve,Engineering,0%,0%,,,,,,,,,,,,,,,,,,,,,Y,Chance to increase the Critical Hit Chance for 2 rounds after being hit by a hostile.,45%,50%,60%,70%,100%,,,,,,
Ikat'ika,Ikat'ika,"Increases Weapon Damage at the start of each round, for 3 rounds, when fighting players, and on an Explorer with Morale",53%,55%,62%,70%,80%,"Increases all Mitigation stats for 1 round, every round, when fighting players and on an Explorer.",20%,Explorer Strike Team,Science,25%,15%,,,,,,Y,,,,,,,,,,,,,,,,,,,,,,,,,,,
Instructor Spock,Instructor Spock,Increase Mitigation,5%,8%,12%,15%,20%,Increase Damage,5%,Another Time,Science,5%,2%,,,,,,,,,,,,,,,,,,,,,,,,,,,,,,,,,
Jadzia Dax,Jadzia Dax,Increase Weapon Damage by Health of crew against Solo Armadas,300%,450%,650%,900%,1200%,"Increase Shield Piercing, Armor Piercing, and Accuracy by Officer Health against Solo Armada",700%,Deep Space Nine,Engineering,350%,175%,,,,,,,,,,,,,,,,,,,,,,,,,,,,,,,,,
Javaid,Javaid,Increase Armor on a battleship,15%,20%,25%,30%,40%,Increase Shield Piercing,20%,Nero's Crew,Command,10%,5%,,,,,,,,,,,,,,,,,,,,,,,,,,,,,,,,,
Jaylah,Jaylah,Increase number of shots against Swarms in any Franklin,1,2,3,4,5,Increase Resources from hostiles when in any Franklin,100%,Jaylah,Engineering,0%,0%,,,,,,,,,,,,,,,,,,,,,,,,,,,,,,,,,
Jean-Luc Picard,Jean-Luc Picard,Increase Critical Damage against Hostiles and Armadas,5%,10%,15%,20%,25%,Increase the effectiveness of all Officer Abilities that trigger in combat,20%,TNG Crew,Command,100%,100%,,,,,,,,,,,,,,,,,,,,,,,,,,,,,,,,,
Joachim,Joachim,Decrease all opponents ships and defence platform damage in Station Combat,10%,15%,20%,25%,30%,Chance to drastically increase ship mitigation against Stations for first round,50%,Khan's Crew,Science,25%,10%,,,,,,,,,,,,,,,,,,,,,,,,,,,,,,,,,
Joaquin,Joaquin,Increase Data Mining Speed,40%,60%,80%,100%,125%,Increase Protected Cargo,50%,Khan's Crew,Command,25%,15%,,,,,,,,,,,,,,,,,,,,,,,,,,,,,,,,,
Julian Bashir,Julian Bashir,Increase Critical Hit Chance against Solo Armadas,20%,25%,35%,45%,60%,Increase Critical Hit Damage against Solo Armadas,50%,Deep Space Nine,Science,50%,25%,,,,,,,,,,,,,,,,,,,,,,,,,,,,,,,,,
K'Bisch,K'Bisch,Decrease Damage taken when mining (*Bugged*),10%,12%,14%,16%,20%,Increase Tritanium mining rate,40%,Surveyors & Miners,Engineering,30%,20%,,,,,,,,,,,,,,,,,,,,,,,,,,,,,,,,,
Kang,Kang,Increase Accuracy by Crews Attack,100%,200%,400%,800%,1600%,Chance to cause Hull Breach at the start of combat,80%,Blood & Honor,Command,10%,5%,,,Y,,,,,,,,,,,,,,,,,,,,,,,,,,,,,,
Kathryn Janeway,Katheryn Janeway,"At the start of combat, increases Isolytic damage against non-player hostile and armadas",10%,15%,20%,30%,50%,"When you take hull damage from a non-player hostile os Armada, Increase Shield Mitigation for 1 round (cumulative)",7%,Voyager,Command,7%,7%,,,,,,,,,,,,,,,,,,,,,,,,,,,,,,,,,
Kati,Kati,Increase Critical Hit Damage in Station Combat,15%,20%,25%,30%,40%,Increase Critical Hit Chances against Defence Platforms,4%,Khan's Crew,Science,3%,2%,,,,,,,,,,,,,,,,,,,,,,,,,,,,,,,,,
Keenser,Keenser,Increase Shield Health as long as ship is in the station,20%,25%,30%,35%,40%,Increase Hull Health as long as ship is in the station,20%,Auxiliary Controls,Engineering,15%,7%,,,,,,,,,,,,,,,,,,,,,,,,,,,,,,,,,
Kerla,Kerla,Increase Critical Damage with Kinetic Weapons,20%,25%,30%,40%,50%,Increase Dodge when the Shields are deleted,50%,Klingon Patriots,Engineering,25%,10%,,,,,,,,,,,,,,,,,,,,,,,,,,,,,,,,,
Khan,Khan Noonien Singh,Increase Critical Chances every time the ship gets hit,1%,2%,3%,4%,5%,Chance to dramatically Decrease opponent's station and ship mitigation for 2 rounds,50%,Khan's Crew,Command,25%,10%,,,,,,,,,,,,,,,,,,,,,,,,,,,,,,,,,
Kira Nerys,Kira Nerys,Decreases Shield Mitigation by,4%,5%,6%,8%,10%,Unfit To Lead,0%,Deep Space Nine,Command,0%,0%,,,,,,,,,,,,,,,,,,,,,Y,Reduce opponent player Critical Hit Chance,10%,15%,20%,25%,35%,,,,,,
Kirk,James T.Kirk,Chance to inspire Morale to his ship for 2 rounds,50%,60%,70%,75%,80%,Increase all officer stats when the ship has Morale,40%,Enterprise Crew,Command,20%,10%,,,,,Y,Y,,,,,,,,,,,,,,,,,,,,,,,,,,,
Klaa,Klaa,Increase Critical Hit Damage,8%,10%,13%,17%,20%,Increase Impulse Speed,25%,Glory in the Kill,Command,5%,3%,,,,,,,,,,,,,,,,,,,,,,,,,,,,,,,,,
Komal,Komal,Decrease Kinetic Weapon Damage from enemy players,5%,7%,10%,15%,20%,Increase Weapon Damage of Battleships against players,20%,Glory in the Kill,Engineering,10%,5%,,,,,,,,,,,,,,,,,,,,,,,,,,,,,,,,,
Koth,Koth,Increase Kinetic damage while opponent has Hull Breach,5%,10%,15%,20%,25%,Increase Repair speed on this ship if it is an Interceptor,20%,Klingon Patriots,Engineering,10%,5%,,,,Y,,,,,,,,,,,,,,,,,,,,,,,,,,,,,
Kras,Kras,Decrease all the stats of the opponents Bridge Officers,20%,30%,40%,50%,60%,Decrease opponents Captain's Maneuver effectiveness,20%,Glory in the Kill,Science,15%,10%,,,,,,,,,,,,,,,,,,,,,,,,,,,,,,,,,
Krell,Krell,Increase Damage to Federation ships by % of crew's Defence,25%,35%,75%,175%,500%,Chance to causing Hull Breach for 1 round when receiving Shield Damage,30%,Blood & Honor,Engineering,15%,7%,,,,,,,,,,,,,,,,,,,,,,,,,,,,,,,,,
Kumak,Kumak,Increase mitigation when opponent is burning,40%,50%,60%,80%,100%,Increase Officer Stats each round,5%,Nero's Crew,Command,5%,2%,,Y,,,,,,,,,,,,,,,,,,,,,,,,,,,,,,,
Kuron,Kuron,Increase Impulse speed after destroying a ship,25%,30%,35%,40%,50%,Chance to automatically recharge first kinetic hit,50%,Blood & Honor,Command,20%,10%,,,,,,,,,,,,,,,,,,,,,,,,,,,,,,,,,
L'Nar,L'Nar,Increase Damage Against Klingon ships by % of crew's Attack,25%,35%,75%,175%,500%,Increase Health of Bridge Officers,20%,Romulan Patriots,Engineering,20%,10%,,,,,,,,,,,,,,,,,,,Y,,,,,,,,,,,,,,
Leslie,Frank Leslie,Increase Ship XP on Battleships,20%,30%,40%,50%,60%,Restore Hull Health when under 35% of starting value,5%,Shakedown Cruise,Engineering,5%,2%,,,,,,,,,,,,,,,,,,,,,,,,,,,,,,,,,
Linkasa,Linkasa,Increase Armor by % of total Attack at the start of combat,25%,35%,75%,175%,500%,Increase Officers Defence for 1 min after winning,10%,Blood & Honor,Engineering,5%,2%,,,,,,,,,,,,,,,,,,,,,,,,,,,,,,,,,
Livis,Livis,Increase ship's max Hull Health if it is a Battleship,20%,30%,40%,50%,60%,Increase repair speed on this ship if it is a Battleship,10%,Nero's Crew,Engineering,10%,5%,,,,,,,,,,,,,,,,,,,,,,,,,,,,,,,,,
Lorca,Gabriel Lorca,Chance to inflict Hull Breach,50%,60%,70%,75%,80%,Decrease opponents damge if they have Hull Breach,100%,Terran Empire,Science,50%,25%,,,Y,Y,,,,,,,,,,,,,,,,,,,,,,,,,,,,,
Lursa,Lursa,"When attacking other players, Lursa decreases the opponent's Weapon Damage",25%,30%,40%,55%,70%,"When on a ship that can use cloaking, Lursa decreases the cloaking cooldown",30%,Pride Of Romulus,Engineering,10%,5%,,,,,,,,,,,,,,,,,,,,,,,,,,,,,,,,,
M'Benga,Jabilo M'Benga,Increase Mitigation when defending the Station,10%,16%,22%,30%,40%,"Increase Armor Piercing, Shield Piercing and Accuracy when defending the Station",10%,Auxiliary Controls,Science,5%,2%,,,,,,,,,,,,,,,,,,,,,,,,,,,,,,,,,
M'Ral,M'Ral,Increase Attack of crew (**Broken Bridge Only**),10%,15%,20%,25%,30%,Increase Armor Piercing,20%,Klingon Patriots,Command,10%,5%,,,,,,,,,0%,,,,,,,,,,,,,,,,,,,,,,,,
Mäkinen,Elea Mäkinen,Increase Mining Speed (Isogen),20%,40%,60%,80%,100%,Increase Mining Speed (All),10%,Surveyors & Miners,Science,20%,10%,,,,,,,,,,,,,,,,,,,,,,,,,,,,,,,,,
Mara,Mara,Decrease opponent's dodge every round when it has Hull Breach,20%,25%,30%,35%,40%,Increase Damage against Interceptors,20%,Blood & Honor,Science,20%,10%,,,,Y,,,,,,,,,,,,,,,,,,,,,,,,,,,,,
Marcus,Alexander Marcus,Increase Shield piercing by crew's Defence,100%,200%,400%,800%,1600%,Chance to inspire morale when opponent's HHP is under 80%,80%,Section 31,Command,10%,5%,,,,,Y,,,,,,,,,,,,,,,,,,,,,,,,,,,,
Marla,Marla,Increase ships Captain's stats,50%,60%,70%,80%,90%,Increase Ships repair speed,20%,Khan's Crew,Engineering,15%,5%,,,,,,,,,,,,,,,,,,,,,,,,,,,,,,,,,
Martok,Martok,Increase ship's Dodge by Defence of crew,200%,500%,800%,1100%,1400%,Increase Kinetic Weapon Damage,50%,Khitomer's Revenge,Engineering,10%,5%,,,,,,,,,,,,,,,,,,,,,,,,,,,,,,,,,
Mavery,Mavery,"Increase Crystal, Gas and Ore mining speed",100%,125%,150%,175%,200%,Increase Max Cargo,40%,Syndicate,Science,20%,10%,,,,,,,,,,,,,,,,,,,,,,,,,,,,,,,,,
Michael Burnham,Michael Burnham,Decrease opponent's SHP by % Crew's Attack,30%,55%,85%,300%,450%,Increase Impulse Speed,15,Discovery Crew,Science,10,5,,,,,,,,,,,,,,,,,,,,,,,,,,,,,,,,,
Miles O'Brien,Miles O'Brien,"At the start of each round, chance to double shots against armadas for 3 rounds.",25%,30%,35%,40%,50%,Unfit To Lead,0%,Deep Space Nine,Engineering,0%,0%,,,,,,,,,,,,,,,,,,,,,Y,Increases Warp Speed,70%,80%,100%,120%,150%,,,,,,
Mirek,Mirek,Increase Damage against Federation by % of crew's Defence,25%,35%,75%,175%,500%,Chance to cause burning for 1 round when ship is hit,20%,Romulan Patriots,Science,10%,5%,Y,,,,,,,,,,,,,,,,,,,,,,,,,,,,,,,,
Mitchell,Gary Mitchell,Increase Damage for 1 round when hit by a critical,30%,40%,50%,60%,70%,Increasae all officer stats on board when defending a station,20%,Auxiliary Controls,Command,20%,10%,,,,,,,,,,,,,,,Y,,Y,,Y,,,,,,,,,,,,,,
Moreau,Moreau,Decrease hostile penetration,30%,40%,50%,60%,70%,% Shield healed after winning,40%,Shakedown Cruise,Science,20%,10%,,,,,,,,,,,,,,,,,,,,,,,,,,,,,,,,,
Mudd,Harcourt Fenton Mudd,Increase damage when shields are depleted,200%,250%,300%,350%,400%,Decrease Armada Target Weapon Damage when taking damage,10%,Mudd's Crew,Command,5%,3%,,,,,,,,,,,,,,,,,,,,,,,,,,,,,,,,,
Navi,Navi,Increase mitigation when own ship has hull breach,50%,65%,85%,110%,140%,Increase Critical Damage when own ship has Hull Breach,20%,Khan's Crew,Science,20%,10%,,,,Y,,,,,,,,,,,,,,,,,,,,,,,,,,,,,
Nero,Nero,Chance to cause Burning when hitting enemy,25%,30%,35%,40%,50%,Increase Damage when opponent's ship is Burning,40%,Nero's Crew,Engineering,20%,10%,Y,Y,,,,,,,,,,,,,,,,,,,,,,,,,,,,,,,
Next Gen Crusher,Next Gen Crusher,Increase Captains Maneuver,4%,6%,8%,10%,12%,Increase Health of all Officers on the ship,10%,Next Gen,Science,10%,5%,,,,,,,,,,,,,,,,,,,,Y,,,,,,,,,,,,,
Next Gen Data,Next Gen Data,Increase Weapon Damage,5%,8%,12%,15%,20%,Increase all Officer stats on Bridge,8%,Next Gen,Command,6%,3%,,,,,,,,,,,,,,,Y,,Y,,Y,,,,,,,,,,,,,,
Next Gen La Forge,Next Gen La Forge,Increase Shield Health,5%,7%,9%,11%,14%,Decrease opponents Weapon Damage,10%,Next Gen,Engineering,5%,2%,,,,,,,,,,,,,,,,,,,,,,,,,,,,,,,,,
Next Gen Riker,Next Gen Riker,Increase Attack of all Officers on the ship (** Broken Bridge ONLY **),5%,8%,10%,12%,15%,Increase Damage for first round,5%,Next Gen,Command,10%,5%,,,,,,,,,0%,,,,,,,,,,,,,,,,,,,,,,,,
Next Gen Troi,Next Gen Troi,Increase Mitigation,5%,8%,12%,15%,20%,Increase Damage,5%,Next Gen,Science,5%,2%,,,,,,,,,,,,,,,,,,,,,,,,,,,,,,,,,
Nine Of Eleven,Nine Of Eleven,Increase Defence of all Officers on the ship,45%,55%,65%,75%,85%,Decrease Borg critical hit chance,10%,Unimatrix Twelve,Command,10%,5%,,,,,,,,,,,,0%,,,,,,,,,,,,,,,,,,,,,
Odo,Odo,"Increases base Armor, Shield Deflection and Dodge against solo armadas",40%,50%,60%,80%,100%,Unfit To Lead,0%,Deep Space Nine,Command,0%,0%,,,,,,,,,,,,,,,,,,,,,Y,Increase Critical Hit Damage,20%,25%,35%,45%,60%,,,,,,
One Of Eleven,One Of Eleven,Increase Protected Cargo,30%,35%,40%,45%,50%,Increate Shield Mitigation,5%,Unimatrix Twelve,Command,2%,1%,,,,,,,,,,,,,,,,,,,,,,,,,,,,,,,,,
Origins Burnham,Origins Burnham,Increase Damage,7%,11%,16%,20%,25%,Increase All Officers Attack,15,Discovery Origins,Command,5,2,,,,,,,,,,,,,,,,,,,,,,,,,,,,,,,,,
Origins Saru,Origins Saru,Increase Hull Health,5%,7%,10%,12%,15%,Increase All Officers Base Defence,10,Discovery Origins,Science,5,2,,,,,,,,,,,,,,,,,,,,,,,,,,,,,,,,,
Origins Stamets,Origins Stamets,Increase Warp Speed,30%,34%,38%,42%,45%,Increase All Officers Base Health,10,Discovery Origins,Engineering,5,2,,,,,,,,,,,,,,,,,,,,,,,,,,,,,,,,,
Otto,Otto,Increase Attack of all officers on the bridge,20%,30%,40%,50%,60%,Increase damage to defence platforms,20%,Khan's Crew,Engineering,10%,5%,,,,,,,,,0%,,,,,,,,,,,,,,,,,,,,,,,,
Pan,Pan,Chance to apply Hull Breach on your own ship,25%,35%,45%,55%,65%,Increase Impulse Speed,20%,Khan's Crew,Engineering,15%,5%,,,Y,,,,,,,,,,,,,,,,,,,,,,,,,,,,,,
Paul Stamets,Paul Stamets,Decrease opponent's Armor Piercing when defending from a player,40%,80%,120%,160%,200%,Increase Jump and Summoning Cost Efficiency,20%,Discovery Crew,Engineering,3%,2%,,,,,,,,,,,,,,,,,,,,,,,,,,,,,,,,,
PIC Admiral Picard,PIC Admiral Picard,Increases Weapon Damage on combat start against player Explorer for the duration of combat,500%,900%,1500%,2200%,3000%,"At the start of round, chance to apply Morale for 3 rounds against player ships",90%,Picard,Command,5%,1%,,,,,Y,,,,,,,,,,,,,,,,,,,,,,,,,,,,
PIC Beverly Crusher,PIC Beverly Crusher,"Everytime ship is hit by a weapon, increases Critical Damage (Stacks)",3%,4%,5%,6%,8%,Hands ON,0%,Picard,Science,0%,0%,,,,,,,,,,,,,,,,,,,,,Y,Increases the amount of Broken Ship Parts from hostiles,10%,15%,20%,30%,50%,,,,,,
PIC Riker,PIC Riker,Increases Weapon Damage on combat start against player Battleships for the duration of combat,500%,900%,1500%,2200%,3000%,"At the start of round, chance to apply Burning for 3 rounds against player ships",90%,Picard,Command,5%,1%,Y,,,,,,,,,,,,,,,,,,,,,,,,,,,,,,,,
PIC Worf,PIC Worf,Increases Weapon Damage on combat start against player Interceptors for the duration of combat,500%,900%,1500%,2200%,3000%,"At the start of round, chance to apply Hull Breach for 3 rounds against player ships",90%,Picard,Command,5%,1%,,,Y,,,,,,,,,,,,,,,,,,,,,,,,,,,,,,
Pike,Christopher Pike,Increase Ship XP earned,20%,30%,40%,50%,60%,Increase the effectiveness of all Officer Abilities that trigger in combat,40%,Shakedown Cruise,Command,80%,40%,,,,,,,,,,,,,,,,,,,,,,,,,,,,,,,,,
Pon,Pon,"Decreases opponent player's Critical Chance at the start of each round, for 3 rounds if on an Explorer with Morale",52%,57%,63%,70%,78%,"A chance, at the start of combat, to delay the opponents weapons for 3 rounds, while fighting players, and on an Explorer",10%,Explorer Strike Team,Engineering,15%,10%,,,,,,Y,,,,,,,,,,,,,,,,,,,,,,,,,,,
Qa'Ug,Qa'Ug,Increase accuracy when own ship has Hull Breach,30%,40%,50%,60%,70%,Decrease opponent's officer stats if own ship recieves a Hull Breach,35%,Blood & Honor,Science,20%,10%,,,,Y,,,,,,,,,,,,,,,,,,,,,,,,,,,,,
Quark,Quark,Increase Mining Speed,80%,100%,120%,140%,160%,Increase Protected Cargo,90%,Ferengi Conglomerate,Command,15%,8%,,,,,,,,,,,,,,,,,,,,,,,,,,,,,,,,,
Reginald Barclay,Reginald Barclay,Increases the base Defense of all Officers,5%,10%,15%,25%,30%,Unfit To Lead,0%,Holodeck,Engineering,0%,0%,,,,,,,,,,,,0%,,,,,,,,,Y,Increases the ship's base Protected Cargo,30%,45%,60%,80%,100%,,,,,,
Rima,Rima,Increase Critical Hit chances when own ship hass Hull Breach,5%,8%,10%,15%,20%,Increase damage when own ship has hull breach.,40%,Khan's Crew,Command,20%,10%,,,,Y,,,,,,,,,,,,,,,,,,,,,,,,,,,,,
Ro Mudd,Ro Mudd,Chance to increase damage by 300% of Officer Attack,20%,30%,40%,50%,60%,Increase Captains Stats,50%,Mudd's Crew,Command,50%,25%,,,,,,,,,,,,,,,,,,,,,,,,,,,,,,,,,
Rom,Rom,"When attacking a station, increases number of shots of weapons",50%,70%,90%,120%,150%,"When attacking a station, delays ship and pltatform weapons by 1 round",1,Ferengi Conglomerate,Engineering,0%,0%,,,,,,,,,,,,,,,,,,,,,,,,,,,,,,,,,
Rukor,Rukor,Increase Energy Weapon Damage against other ships,5%,7%,10%,15%,20%,Increase damage against players when in an Explorer,20%,Glory in the Kill,Command,10%,5%,,,,,,,,,,,,,,,,,,,,,,,,,,,,,,,,,
Sam Rutherford,Sam Rutherford,"Increases Armor, Shield Deflection and Dodge",30%,35%,40%,45%,50%,Unfit To Lead,0%,Lower Decks Crew,Engineering,0%,0%,,,,,,,,,,,,,,,,,,,,,Y,Increase ship's Health,50%,70%,90%,110%,135%,,,,,,
Saru,Saru,Decrease Opponent's Weapon damage,30%,40%,50%,60%,70%,Decrease opponents Critical Hit Chance when receiving a critical hit,10%,Discovery Crew,Command,10%,5%,,,,,,,,,,,,,,,,,,,,,,,,,,,,,,,,,
Scotty,Montgomery Scott,Increase ship's Hull Health,10%,12%,14%,16%,20%,Increase Ships repair speed,10%,Enterprise Crew,Engineering,10%,5%,,,,,,,,,,,,,,,,,,,,,,,,,,,,,,,,,
Sela,Sela,Decrease enemy player's Critical Hit Chance every time the ship scores a hit,2%,3%,4%,5%,6%,Increase Critical Hit Damage while cloaked,50%,Pride Of Romulus,Command,15%,10%,,,,,,,,,,,,,,,,,,,,,,,,,,,,,,,,,
Sesha,Sesha,Increase Critical Hit Damage aginst Eclipse Hostiles,20%,30%,50%,70%,90%,Decrease Eclipse hostile's Critical Hit Chance by 15%,20%,Mudd's Crew,Science,20%,10%,,,,,,,,,,,,,,,,,,,,,,,,,,,,,,,,,
Seven Of Eleven,Seven Of Eleven,Increase Health of all Officers on the ship,60%,70%,80%,90%,100%,Chance to add 2 shots to each weapon when fighting Borg,20%,Unimatrix Twelve,Science,35%,15%,,,,,,,,,,,,,,0%,,,,,,,,,,,,,,,,,,,
Severus,Severus,Increase Damage if own ship is burning,20%,30%,40%,50%,60%,Decrease opponent's Hull Health each round if own ship is burning,10%,Romulan Patriots,Engineering,5%,2%,,Y,,,,,,,,,,,,,,,,,,,,,,,,,,,,,,,
Shev,Shev Akria,Increase Energy Damage against Hostiles,5%,7%,10%,15%,20%,Increase Tritanium rewards from Hostiles,25%,Starfleet Academy,Engineering,10%,5%,,,,,,,,,,,,,,,,,,,,,,,,,,,,,,,,,
Six Of Eleven,Six Of Eleven,Increase Penetration to Armadas by Attack,5%,10%,20%,30%,40%,Decrease opponent SHP when hitting by Defence,20%,Unimatrix Twelve,Command,40%,10%,,,,,,,,,,,,,,,,,,,,,,,,,,,,,,,,,
SNW Hemmer,SNW Hemmer,"Increases  Armor, Shield Deflection and Dodge when in combat with Survey ships.",800%,1000%,1400%,1900%,2500%,Unfit To Lead,0%,Strange New Worlds,Engineering,0%,0%,,,,,,,,,,,,,,,,,,,,,Y,Increases the Health of all officers on the ship,70%,80%,100%,120%,150%,,,,,,0%
SNW La'an,SNW La'an Noonien Singh,Increases base Warp Speed,50%,70%,95%,125%,150%,Unfit To Lead,0%,Strange New Worlds,Engineering,0%,0%,,,,,,,,,,,,,,,,,,,,,Y,SNW La'an increases the ship's base Max Cargo by,25%,30%,35%,40%,50%,,,,,,
SNW Ortegas,SNW Erica Ortegas,"Increases Armor, Shield Deflection, and Dodge by % of total Defense when attacking hostile Explorers from a Battleship",500%,800%,1100%,1400%,1800%,"When fighting hostiles, SNW Ortegas increases critical hit chance against hostiles",15%,Strange New Worlds,Science,10%,5%,,,,,,,,,,,,,,,,,,,,,,,,,,,,,,,,,
SNW Pike,SNW Christopher Pike,"When fighting hostiles, decreases hostile Shield Mitigation",10%,15%,20%,25%,35%,"When fighting hostiles, increases Shield Mitigation",4%,Strange New Worlds,Command,5%,2%,,,,,,,,,,,,,,,,,,,,,,,,,,,,,,,,,
SNW Spock,SNW Spock,"Increases Armor, Shield Deflection, and Dodge by % of total Defense when attacking hostile Interceptors from an Explorer",500%,800%,1100%,1400%,1800%,"When fighting hostiles, SNW Spock decreases hostile critical hit chance",15%,Strange New Worlds,Science,10%,5%,,,,,,,,,,,,,,,,,,,,,,,,,,,,,,,,,
SNW Uhura,SNW Nyota Uhura,"Increases Armor, Shield Deflection, and Dodge by % of total Defense when attacking hostile Battleships from an Interceptor",500%,800%,1100%,1400%,1800%,"When fighting hostiles, SNW Uhura increases critical hit damage",15%,Strange New Worlds,Science,10%,5%,,,,,,,,,,,,,,,,,,,,,,,,,,,,,,,,,
SNW Una,SNW Una Chin-Riley,Increase Impulse speed,15,20,30,40,50,"When fighting hostiles, SNW Una increases base Weapon Damage",100%,Strange New Worlds,Engineering,100%,75%,,,,,,,,,,,,,,,,,,,,,,,,,,,,,,,,,
Spock,Spock,Restore Shield by % of crew's Defence when having Morale,25%,50%,100%,400%,750%,Increase Accuracy at the start of each round,15%,Enterprise Crew,Science,10%,5%,,,,,,Y,,,,,,,,,,,,,,,,,,,,,,,,,,,
Stonn,Stonn,Increase Cargo size,20%,25%,30%,35%,40%,Increase Mining Speed (Ore),40%,Surveyors & Miners,Engineering,30%,20%,,,,,,,,,,,,,,,,,,,,,,,,,,,,,,,,,
Strike Team La'an,Strike Team La'an,While on Battleship in PvP each time ship hits with a weapon % chance of burning for 3 rounds,60%,65%,72%,80%,90%,"While on Battleship in PvP, if opponent is burning, at the start of each round, increase number of shots",10%,Battleship Strike Crew,Command,65%,25%,Y,Y,,,,,,,,,,,,,,,,,,,,,,,,,,,,,,,
Strike Team Ortegas,Strike Team Ortegas,While on Battleship in PvP % chance of delaying opponents weapons by 1 round on their next attack.,40%,45%,52%,60%,70%,"When shot by a player Explorer, % chance of burning them fo r3 rounds",5%,Battleship Strike Crew,Engineering,20%,10%,Y,,,,,,,,,,,,,,,,,,,,,,,,,,,,,,,,
Strike Team Una,Strike Team Una,While on Battleship in PvP Decreases Shield Mitigation each round,25%,27%,30%,34%,40%,"While in combat with player Explorer, increase all officer stats",130%,Battleship Strike Crew,Science,10%,5%,,,,,,,,,,,,,,,,,,,,,,,,,,,,,,,,,
Sulu,Hikaru Sulu,Increase Energy Damage when ship has Morale,15%,20%,25%,30%,40%,Chance to inspire Morale when being hit by a critical hit,40%,Enterprise Crew,Command,20%,10%,,,,,Y,Y,,,,,,,,,,,,,,,,,,,,,,,,,,,
T'Laan,T'Laan,Decrease Kinetic Damage dealt by Hostiles,5%,7%,10%,15%,20%,Increase Ship XP from battles,15%,Starfleet Academy,Science,5%,3%,,,,,,,,,,,,,,,,,,,,,,,,,,,,,,,,,
T'Pring,T'Pring,Increase Protected Cargo,50%,100%,150%,200%,300%,Increase Mining Speed (Gas),40%,Surveyors & Miners,Command,30%,20%,,,,,,,,,,,,,,,,,,,,,,,,,,,,,,,,,
Tal,Tal,Decrease the opponents Hull Health each turn while it is burning,5%,6%,7%,8%,10%,Increase damage against Battleships,20%,Romulan Patriots,Engineering,20%,10%,,Y,,,,,,,,,,,,,,,,,,,,,,,,,,,,,,,
Tasha Yar,Tasha Yar,Increases all Weapon Damage against non-player targets,10%,20%,30%,40%,50%,Reduces the Crit Chance of Mission Hostiles (yellow hostiles),10%,TNG Crew,Engineering,5%,2%,,,,,,,,,,,,,,,,,,,,,,,,,,,,,,,,,
Ten Of Eleven,Ten Of Eleven,Increase Mining Speed (All),80%,100%,120%,140%,160%,"Increase Mining Speed (Par, Trit, Dil)",50%,Unimatrix Twelve,Engineering,75%,25%,,,,,,,,,,,,,,,,,,,,,,,,,,,,,,,,,
The Doctor,The Doctor,"When taking hull damage from non-player or Armada, Increases Armor, Shield Deflection and Dodge by % of Health for 2 rounds",300%,500%,750%,1250%,2000%,Unfit To Lead,0%,Voyager,Science,0%,0%,,,,,,,,,,,,,,,,,,,,,Y,Increases all resources dropped by hostiles,15%,20%,30%,35%,50%,,,,,,
Three Of Eleven,Three Of Eleven,Increases Protected Cargo,300%,350%,400%,450%,500%,Increases Gas mining speed,60%,Unimatrix Twelve,Command,45%,30%,,,,,,,,,,,,,,,,,,,,,,,,,,,,,,,,,
Tilly,Tilly,Chance to Decrease opponent's Officer Attack by 15% when hit,30%,35%,40%,45%,50%,Decrease opponent's Sheild Health when defending from a player.,10%,Discovery Crew,Engineering,10%,5%,,,,,,,,,,,,,,,,,,,,,,,,,,,,,,,,,
Tiza,Tiza,Chance to increase mitigation by 100% against Eclipse hostiles,35%,45%,55%,65%,75%,Decrease Eclipse hostile's Shield Mitigation for the first round,4%,Mudd's Crew,Command,2%,1%,,,,,,,,,,,,,,,,,,,,,,,,,,,,,,,,,
Tom Paris,Tom Paris,"When you take damage from a non-player hostile or armada, Increase Critical Hit Damage for 1 round (cumulative)",5%,7%,10%,15%,25%,Unfit To Lead,0%,Voyager,Engineering,0%,0%,,,,,,,,,,,,,,,,,,,,,,,,,,,,,,,,,
Tomalak,Tomalak,Increase Weapon Damage against Klingon targets by % of crew attack,25%,35%,75%,175%,500%,Increase Penetration while cloaked,100%,Pride Of Romulus,Command,50%,25%,,,,,,,,,,,,,,,,,,,,,,,,,,,,,,,,,
TOS Chekov,TOS Pavel Chekov,"When attacked on a Capture or Mining node, Decrease Opponents damage.",30%,50%,75%,100%,150%,Increase the Impulse Speed of Explorers,10,TOS Enterprise Crew,Command,10,5,,,,,,,,,,,,,,,,,,,,,,,,,,,,,,,,,
TOS Kirk,TOS James T.Kirk,Chance to give Morale at the start of the round if ship health is above 30% of stating value,75%,80%,85%,90%,95%,"Increase Energy damage by Officer defence, per round cumulative when ship has Morale",50%,TOS Enterprise Crew,Command,50%,25%,,,,,Y,Y,,,,,,,,,,,,,,,,,,,,,,,,,,,
TOS McCoy,TOS Leonard McCoy,Increase All Stats of All Officers when on an Explorer,20%,40%,60%,80%,100%,Increase Mitigation by % of the crew's Health when defending,300%,TOS Enterprise Crew,Science,100%,50%,,,,,,,,,,,,,,,,,,,,,,,,,,,,,,,,,
TOS Scotty,TOS Montgomery Scott,Increase Repair Cost Efficiency,10%,20%,30%,40%,50%,Increase Warp Range of Explorers,4,TOS Enterprise Crew,Engineering,3,2,,,,,,,,,,,,,,,,,,,,,,,,,,,,,,,,,
TOS Spock,TOS Spock,Decrease opponent player's Critical Damage when ship has Morale,50%,75%,100%,125%,150%,Increase of Defence to SHP of all ships in fleet (Base defence only),100%,TOS Enterprise Crew,Science,100%,50%,,,,,,Y,,,,,,,,,,,,,,,,,,,,,,,,,,,
TOS Sulu,TOS Hikaru Sulu,Increase Critical Hit Chance each round when on an Explorer that has Morale,6%,8%,10%,12%,15%,Chance to inspire Morale for 1 round,55%,TOS Enterprise Crew,Command,10%,5%,,,,,Y,Y,,,,,,,,,,,,,,,,,,,,,,,,,,,
TOS Uhura,TOS Nyota Uhura,Decrease opponent player's shield Mitigation if ship has Morale,8%,10%,12%,16%,20%,Decrease opponent player's Critical hit chance if ship has Morale,10%,TOS Enterprise Crew,Engineering,100%,25%,,,,,,Y,,,,,,,,,,,,,,,,,,,,,,,,,,,
Two Of Eleven,Two Of Eleven,Increase to G3 and G4 Mining speed,50%,55%,60%,65%,75%,Increase Cargo Size,20%,Unimatrix Twelve,Science,15%,5%,,,,,,,,,,,,,,,,,,,,,,,,,,,,,,,,,
Tyler,Ash Tyler,Increase damage by % of crew's Attack when opponent's ship is Burning,50%,60%,70%,80%,100%,Increase all officers Attack when the ship defends a Capture Node,60%,Discovery Crew,Engineering,30%,15%,,Y,,,,,,,,,,,,,,,,,,,,,,,,,,,,,,,
Uhura,Nyota Uhura,Increase ship's Accuracy,40%,50%,60%,70%,80%,Chance to delay opponent's fire by 1 round when own shield is deleted,50%,Enterprise Crew,Engineering,20%,10%,,,,,,,,,,,,,,,,,,,,,,,,,,,,,,,,,
Vartoq,Vartoq,Increase Kinetic Weapon Damage against other player's ships,5%,7%,10%,15%,20%,Increase Weapon Damage of Interceptors against Players,20%,Glory in the Kill,Command,10%,5%,,,,,,,,,,,,,,,,,,,,,,,,,,,,,,,,,
Vel,Vel K'Bentayr,Increase Kinetic Damage against Hostiles,5%,7%,10%,15%,20%,Increase Dilithium rewards from Hostiles,25%,Starfleet Academy,Science,10%,5%,,,,,,,,,,,,,,,,,,,,,,,,,,,,,,,,,
Vella,Vella,Increase Health of all Officers on the ship,5%,7%,9%,12%,15%,Increase Damage against Explorers,10%,Nero's Crew,Science,10%,5%,,,,,,,,,,,,,,0%,,,,,,,,,,,,,,,,,,,
Vemet,Vemet,Decrease Shield Health of a Burning opponent by % of crew's Health,25%,50%,100%,400%,750%,Resurrect with % Hull Health,5%,Nero's Crew,Science,5%,2%,,Y,,,,,,,,,,,,,,,,,,,,,,,,,,,,,,,
Vixis,Vixis,Decrease Energy Damage from players,10%,12%,15%,20%,30%,"Chance to delay opponent's Weapons each round, for 1 round",6%,Glory in the Kill,Science,2%,1%,,,,,,,,,,,,,,,,,,,,,,,,,,,,,,,,,
Wesley Crusher,Wesley Crusher,Increases own stats,20%,40%,70%,100%,200%,Increase Damage against Hostiles and Armadas,100%,TNG Crew,Engineering,50%,25%,,,,,,,,,,,,,,,,,,,,,,,,,,,,,,,,,
Weyoun,Weyoun,"Increases Weapon Shots at the start of each round, for 2 rounds, when fighting players and on an Explorer with Morale",76%,80%,88%,100%,120%,"On round start, chance to apply Morale for 3 rounds when fighting against a player, if on an Explorer",20%,Explorer Strike Team,Command,40%,10%,,,,,Y,Y,,,,,,,,,,,,,,,,,,,,,,,,,,,
William T. Riker,William T. Riker,Increases Damage against Federation Hostiles and Armadas,100%,150%,200%,250%,300%,Increases Weapon Damage against Armada Targets (Cumulative),100%,TNG Crew,Command,20%,10%,,,,,,,,,,,,,,,,,,,,,,,,,,,,,,,,,
Worf,Worf,Increases all Mitigation stats against non-player targets,20%,40%,60%,80%,100%,"After winning a battle, Worf increases the Warp Speed of the ship. This bonus does not stack, and is removed when returning to your station.",70%,TNG Crew,Command,15%,10%,,,,,,,,,,,,,,,,,,,,,,,,,,,,,,,,,
Woteln,Woteln,Increase dodge when aboard an Interceptor,15%,20%,25%,30%,40%,Increase damage if opponent's ship is a Battleship,10%,Klingon Patriots,Science,10%,5%,,,,,,,,,,,,,,,,,,,,,,,,,,,,,,,,,
Yan'Agh,Yan'Agh,Increase Damage to Romulans by % of crew's Health,25%,35%,75%,175%,500%,Increase damage after depleting the opponent's Shield Health,10%,Blood & Honor,Engineering,10%,5%,,,,,,,,,,,,,,,,,,,,,,,,,,,,,,,,,
Yuki,Yuki Sulu,Increase Damage to Romulans by % of crew's Health,25%,35%,75%,175%,500%,Decrease the shield Health of the opponent's ship each round,10%,Section 31,Engineering,5%,2%,,,,,,,,,,,,,,,,,,,,,,,,,,,,,,,,,
Zahra,Zahra,Increase Damage dealt when defending a Station,5%,8%,10%,15%,20%,Increase ships Hull Health when defending a station,10%,Auxiliary Controls,Engineering,10%,5%,,,,,,,,,,,,,,,,,,,,,,,,,,,,,,,,,
Zhou,Paul Zhou,Increase Mitigation by % of crew's Defence when having Morale,30%,40%,80%,160%,300%,Increase Defence of bridge officers,15%,Section 31,Command,10%,6%,,,,,,Y,,,,,,,,,,,Y,,,,,,,,,,,,,,,,